patent_id,patent_date,patent_year,citation_sequence,citation_patent_id,citation_date,citation_year,pagerank,cites,refs_n
4958179,9/18/90,1990,0,4597657,7/1/86,1986,2.53,2.0,4
4958179,9/18/90,1990,0,4597657,7/1/86,1986,2.53,2.0,4
4958179,9/18/90,1990,1,4669848,6/2/87,1987,2.53,2.0,4
4958179,9/18/90,1990,2,4789875,12/6/88,1988,2.53,2.0,4
5608478,3/4/97,1997,3,4958179,9/18/90,1990,3.03,23.0,4
5765068,6/9/98,1998,4,4958179,9/18/90,1990,1.03,10.0,5
5805947,9/8/98,1998,4,5608478,3/4/97,1997,1.54,27.0,5
5819127,10/6/98,1998,2,5608478,3/4/97,1997,0.92,9.0,4
5819127,10/6/98,1998,2,5608478,3/4/97,1997,0.92,9.0,4
5822639,10/13/98,1998,70,5608478,3/4/97,1997,0.61,1.0,75
5822640,10/13/98,1998,64,5608478,3/4/97,1997,0.66,3.0,68
5860033,1/12/99,1999,64,5608478,3/4/97,1997,0.74,8.0,69
5867742,2/2/99,1999,64,5608478,3/4/97,1997,0.84,8.0,69
5892996,4/6/99,1999,4,5608478,3/4/97,1997,1.03,9.0,6
5895136,4/20/99,1999,64,5608478,3/4/97,1997,0.95,3.0,73
5913089,6/15/99,1999,6,5608478,3/4/97,1997,2.44,36.0,8
5913089,6/15/99,1999,6,5608478,3/4/97,1997,2.44,36.0,8
5926660,7/20/99,1999,70,5608478,3/4/97,1997,0.56,3.0,81
5940639,8/17/99,1999,74,5608478,3/4/97,1997,0.5,1.0,77
6009276,12/28/99,1999,11,5608478,3/4/97,1997,0.56,2.0,14
6151455,11/21/00,2000,2,5608478,3/4/97,1997,1.81,14.0,8
6151455,11/21/00,2000,2,5608478,3/4/97,1997,1.81,14.0,8
6151455,11/21/00,2000,3,5765068,6/9/98,1998,1.81,14.0,8
6176626,1/23/01,2001,10,5608478,3/4/97,1997,0.5,1.0,31
6176626,1/23/01,2001,21,5765068,6/9/98,1998,0.5,1.0,31
6181380,1/30/01,2001,3,5608478,3/4/97,1997,1.68,17.0,5
6257776,7/10/01,2001,1,5608478,3/4/97,1997,0.86,4.0,7
6398426,6/4/02,2002,5,5765068,6/9/98,1998,0.81,7.0,7
6574431,6/3/03,2003,3,5608478,3/4/97,1997,0.61,2.0,5
6618562,9/9/03,2003,1,5608478,3/4/97,1997,0.5,,6
7502550,3/10/09,2009,0,5608478,3/4/97,1997,0.87,40.0,2
8033743,10/11/11,2011,0,5608478,3/4/97,1997,0.5,1.0,7
8256906,9/4/12,2012,2,5765068,6/9/98,1998,0.88,2.0,10
D452519,12/25/01,2001,6,5765068,6/9/98,1998,0.58,3.0,8
D452519,12/25/01,2001,6,5765068,6/9/98,1998,0.58,3.0,8
D453781,2/19/02,2002,3,5765068,6/9/98,1998,0.54,2.0,9
D460775,7/23/02,2002,3,5765068,6/9/98,1998,0.53,1.0,8
D463811,10/1/02,2002,2,5765068,6/9/98,1998,0.5,,7
D473576,4/22/03,2003,2,5765068,6/9/98,1998,0.7,10.0,6
10005611,6/26/18,2018,190,7502550,3/10/09,2009,0.52,1.0,291
10090877,10/2/18,2018,183,7502550,3/10/09,2009,0.51,2.0,283
10159320,12/25/18,2018,206,7502550,3/10/09,2009,0.5,,333
10178902,1/15/19,2019,206,7502550,3/10/09,2009,0.5,,326
10196700,2/5/19,2019,28,5805947,9/8/98,1998,0.5,,176
10294016,5/21/19,2019,202,7502550,3/10/09,2009,0.52,1.0,309
10299554,5/28/19,2019,262,7502550,3/10/09,2009,0.5,,391
10370705,8/6/19,2019,28,5805947,9/8/98,1998,0.5,,173
10396843,8/27/19,2019,206,7502550,3/10/09,2009,0.53,3.0,333
10481633,11/19/19,2019,4,5819127,10/6/98,1998,0.75,2.0,8
10481633,11/19/19,2019,5,5892996,4/6/99,1999,0.75,2.0,8
10514642,12/24/19,2019,0,6151455,11/21/00,2000,0.5,,1
10543485,1/28/20,2020,28,5805947,9/8/98,1998,0.5,,172
10716377,7/21/20,2020,264,7502550,3/10/09,2009,0.5,,400
10827809,11/10/20,2020,208,7502550,3/10/09,2009,0.5,,336
10835006,11/17/20,2020,189,7502550,3/10/09,2009,0.5,,304
10935872,3/2/21,2021,0,8033743,10/11/11,2011,0.5,,4
5915140,6/22/99,1999,2,5819127,10/6/98,1998,0.66,3.0,4
5943510,8/24/99,1999,6,5822640,10/13/98,1998,0.64,2.0,7
5946514,8/31/99,1999,6,5822639,10/13/98,1998,0.86,2.0,7
5983026,11/9/99,1999,23,5867742,2/2/99,1999,0.51,1.0,26
6031996,2/29/00,2000,15,5819127,10/6/98,1998,0.56,2.0,17
6036376,3/14/00,2000,3,5805947,9/8/98,1998,1.59,17.0,5
6086266,7/11/00,2000,3,5819127,10/6/98,1998,1.46,7.0,7
6099172,8/8/00,2000,9,5867742,2/2/99,1999,0.68,4.0,14
6135652,10/24/00,2000,3,5805947,9/8/98,1998,0.83,12.0,5
6151455,11/21/00,2000,4,5895136,4/20/99,1999,1.81,14.0,8
6160958,12/12/00,2000,10,5860033,1/12/99,1999,0.7,3.0,15
6175690,1/16/01,2001,26,5860033,1/12/99,1999,0.56,2.0,32
6175690,1/16/01,2001,26,5860033,1/12/99,1999,0.56,2.0,32
6176626,1/23/01,2001,23,5805947,9/8/98,1998,0.5,1.0,31
6176626,1/23/01,2001,24,5819127,10/6/98,1998,0.5,1.0,31
6188847,2/13/01,2001,7,5860033,1/12/99,1999,0.5,,9
6188847,2/13/01,2001,7,5860033,1/12/99,1999,0.5,,9
6212335,4/3/01,2001,5,5892996,4/6/99,1999,1.47,5.0,7
6247855,6/19/01,2001,6,5913089,6/15/99,1999,1.11,20.0,11
6254289,7/3/01,2001,5,5913089,6/15/99,1999,1.15,7.0,7
6257776,7/10/01,2001,3,5805947,9/8/98,1998,0.86,4.0,7
6302598,10/16/01,2001,1,5895136,4/20/99,1999,0.91,7.0,3
6305852,10/23/01,2001,5,5805947,9/8/98,1998,1.33,19.0,9
6314238,11/6/01,2001,2,5822640,10/13/98,1998,0.5,3.0,5
6347893,2/19/02,2002,3,6151455,11/21/00,2000,2.99,50.0,4
6350067,2/26/02,2002,2,5805947,9/8/98,1998,0.53,1.0,4
6363219,3/26/02,2002,13,6009276,12/28/99,1999,0.53,1.0,16
6398426,6/4/02,2002,6,6151455,11/21/00,2000,0.81,7.0,7
6424803,7/23/02,2002,1,6151455,11/21/00,2000,0.68,4.0,2
6434338,8/13/02,2002,11,6151455,11/21/00,2000,0.53,1.0,15
6450708,9/17/02,2002,1,5892996,4/6/99,1999,1.57,9.0,6
6462780,10/8/02,2002,7,6181380,1/30/01,2001,1.1,7.0,11
6487373,11/26/02,2002,1,5867742,2/2/99,1999,0.5,,4
6487373,11/26/02,2002,2,5926660,7/20/99,1999,0.5,,4
6516144,2/4/03,2003,4,5822640,10/13/98,1998,0.56,2.0,7
6526230,2/25/03,2003,8,5867742,2/2/99,1999,0.5,,14
6574431,6/3/03,2003,4,6151455,11/21/00,2000,0.61,2.0,5
6595702,7/22/03,2003,4,5805947,9/8/98,1998,0.5,,12
6595702,7/22/03,2003,5,5819127,10/6/98,1998,0.5,,12
6595702,7/22/03,2003,5,5819127,10/6/98,1998,0.5,,12
6595702,7/22/03,2003,6,5892996,4/6/99,1999,0.5,,12
6637953,10/28/03,2003,0,5819127,10/6/98,1998,0.67,3.0,5
6637953,10/28/03,2003,2,6257776,7/10/01,2001,0.67,3.0,5
6641311,11/4/03,2003,1,5913089,6/15/99,1999,1.02,4.0,6
6669381,12/30/03,2003,2,5867742,2/2/99,1999,0.5,,5
6683644,1/27/04,2004,5,6181380,1/30/01,2001,1.04,7.0,12
6683653,1/27/04,2004,7,6181380,1/30/01,2001,3.72,77.0,13
6731341,5/4/04,2004,5,6181380,1/30/01,2001,1.0,10.0,8
6735381,5/11/04,2004,7,5867742,2/2/99,1999,0.66,3.0,12
6735381,5/11/04,2004,8,5913089,6/15/99,1999,0.66,3.0,12
6735381,5/11/04,2004,9,6257776,7/10/01,2001,0.66,3.0,12
6796727,9/28/04,2004,2,5913089,6/15/99,1999,1.07,8.0,4
6796727,9/28/04,2004,2,5913089,6/15/99,1999,1.07,8.0,4
6799905,10/5/04,2004,0,5913089,6/15/99,1999,1.26,4.0,4
6805499,10/19/04,2004,0,5913089,6/15/99,1999,0.84,25.0,6
6829011,12/7/04,2004,2,6181380,1/30/01,2001,2.94,33.0,8
6972751,12/6/05,2005,3,5892996,4/6/99,1999,0.63,3.0,7
6992724,1/31/06,2006,4,6181380,1/30/01,2001,0.51,1.0,12
7027094,4/11/06,2006,5,5867742,2/2/99,1999,0.79,6.0,17
7046264,5/16/06,2006,5,6181380,1/30/01,2001,0.6,2.0,9
7057660,6/6/06,2006,2,5805947,9/8/98,1998,1.72,22.0,7
7057660,6/6/06,2006,3,5892996,4/6/99,1999,1.72,22.0,7
7123423,10/17/06,2006,2,6181380,1/30/01,2001,0.64,4.0,6
7133277,11/7/06,2006,0,5860033,1/12/99,1999,0.76,4.0,23
7133277,11/7/06,2006,0,5860033,1/12/99,1999,0.76,4.0,23
7248419,7/24/07,2007,2,6181380,1/30/01,2001,0.6,3.0,8
7304437,12/4/07,2007,0,5805947,9/8/98,1998,0.66,2.0,22
7369177,5/6/08,2008,2,6181380,1/30/01,2001,0.5,,5
7463822,12/9/08,2008,53,6009276,12/28/99,1999,0.5,,77
7507042,3/24/09,2009,4,5913089,6/15/99,1999,0.68,2.0,7
7520687,4/21/09,2009,2,5913089,6/15/99,1999,0.5,4.0,6
7570302,8/4/09,2009,5,6181380,1/30/01,2001,0.5,,15
7600931,10/13/09,2009,4,6398426,6/4/02,2002,0.67,2.0,8
7619900,11/17/09,2009,3,6257776,7/10/01,2001,0.97,6.0,6
7634193,12/15/09,2009,3,5860033,1/12/99,1999,1.02,5.0,5
7643085,1/5/10,2010,0,6181380,1/30/01,2001,1.06,21.0,4
7722263,5/25/10,2010,9,6398426,6/4/02,2002,1.03,5.0,15
7724302,5/25/10,2010,11,6257776,7/10/01,2001,0.84,17.0,15
7803109,9/28/10,2010,14,6574431,6/3/03,2003,0.84,19.0,18
7845864,12/7/10,2010,0,5913089,6/15/99,1999,0.5,,4
7874745,1/25/11,2011,1,6151455,11/21/00,2000,0.5,,3
7884880,2/8/11,2011,2,5913089,6/15/99,1999,0.6,2.0,7
7884880,2/8/11,2011,3,6151455,11/21/00,2000,0.6,2.0,7
7927029,4/19/11,2011,2,5913089,6/15/99,1999,0.86,10.0,5
7938586,5/10/11,2011,3,6398426,6/4/02,2002,0.77,2.0,7
7977863,7/12/11,2011,1,5805947,9/8/98,1998,0.5,2.0,28
8009226,8/30/11,2011,6,5805947,9/8/98,1998,0.5,,12
8009226,8/30/11,2011,9,5892996,4/6/99,1999,0.5,,12
8013932,9/6/11,2011,1,7502550,3/10/09,2009,1.0,12.0,3
8016496,9/13/11,2011,6,6574431,6/3/03,2003,0.5,,13
8033743,10/11/11,2011,2,5913089,6/15/99,1999,0.5,1.0,7
8063983,11/22/11,2011,0,5819127,10/6/98,1998,0.62,10.0,6
8179473,5/15/12,2012,0,5913089,6/15/99,1999,0.51,7.0,6
8186894,5/29/12,2012,0,5913089,6/15/99,1999,0.7,2.0,1
8188653,5/29/12,2012,1,5805947,9/8/98,1998,0.5,,26
8256906,9/4/12,2012,6,6398426,6/4/02,2002,0.88,2.0,10
8279333,10/2/12,2012,0,5892996,4/6/99,1999,0.5,,2
8340514,12/25/12,2012,2,5805947,9/8/98,1998,0.58,1.0,9
8340514,12/25/12,2012,4,6176626,1/23/01,2001,0.58,1.0,9
8412265,4/2/13,2013,1,5805947,9/8/98,1998,0.51,1.0,2
8514325,8/20/13,2013,2,5913089,6/15/99,1999,0.5,,13
8514325,8/20/13,2013,4,6151455,11/21/00,2000,0.5,,13
8594742,11/26/13,2013,39,6181380,1/30/01,2001,0.54,1.0,87
8773260,7/8/14,2014,58,6181380,1/30/01,2001,0.75,1.0,115
8810720,8/19/14,2014,1,6151455,11/21/00,2000,0.5,,2
8905655,12/9/14,2014,0,8256906,9/4/12,2012,0.5,,1
8950940,2/10/15,2015,1,6398426,6/4/02,2002,0.5,,4
8950940,2/10/15,2015,3,8256906,9/4/12,2012,0.5,,4
8995126,3/31/15,2015,190,7502550,3/10/09,2009,1.07,27.0,290
8995126,3/31/15,2015,190,7502550,3/10/09,2009,1.07,27.0,290
9025317,5/5/15,2015,225,7502550,3/10/09,2009,1.24,28.0,327
9107299,8/11/15,2015,183,7502550,3/10/09,2009,0.53,1.0,282
9124787,9/1/15,2015,0,6181380,1/30/01,2001,0.5,,1
9179562,11/3/15,2015,178,7502550,3/10/09,2009,0.5,,265
9220328,12/29/15,2015,197,7502550,3/10/09,2009,0.67,18.0,292
9241551,1/26/16,2016,216,7502550,3/10/09,2009,0.97,46.0,313
9247661,1/26/16,2016,190,7502550,3/10/09,2009,0.51,2.0,287
9300078,3/29/16,2016,271,7502550,3/10/09,2009,0.56,12.0,399
9380723,6/28/16,2016,215,7502550,3/10/09,2009,0.52,3.0,323
9415392,8/16/16,2016,25,5805947,9/8/98,1998,1.4,14.0,158
9439314,9/6/16,2016,214,7502550,3/10/09,2009,0.5,,324
9439314,9/6/16,2016,214,7502550,3/10/09,2009,0.5,,324
9447461,9/20/16,2016,26,5805947,9/8/98,1998,0.77,4.0,164
9464319,10/11/16,2016,26,5805947,9/8/98,1998,0.52,3.0,158
9493826,11/15/16,2016,25,5805947,9/8/98,1998,0.52,3.0,162
9549598,1/24/17,2017,219,7502550,3/10/09,2009,0.83,5.0,329
9559741,1/31/17,2017,190,7502550,3/10/09,2009,0.53,3.0,295
9565910,2/14/17,2017,197,7502550,3/10/09,2009,0.51,2.0,276
9577697,2/21/17,2017,254,7502550,3/10/09,2009,0.52,1.0,371
9609193,3/28/17,2017,3,5867742,2/2/99,1999,0.56,1.0,10
9621219,4/11/17,2017,253,7502550,3/10/09,2009,0.5,,385
9660684,5/23/17,2017,202,7502550,3/10/09,2009,0.69,20.0,295
9803237,10/31/17,2017,8,5805947,9/8/98,1998,0.5,,49
9803237,10/31/17,2017,8,5805947,9/8/98,1998,0.5,,49
9808798,11/7/17,2017,17,5805947,9/8/98,1998,0.53,1.0,72
9808798,11/7/17,2017,18,5926660,7/20/99,1999,0.53,1.0,72
9822356,11/21/17,2017,16,5805947,9/8/98,1998,0.52,2.0,75
9822356,11/21/17,2017,16,5805947,9/8/98,1998,0.52,2.0,75
9822356,11/21/17,2017,17,5926660,7/20/99,1999,0.52,2.0,75
9865967,1/9/18,2018,0,5940639,8/17/99,1999,0.5,,5
9955762,5/1/18,2018,262,7502550,3/10/09,2009,0.54,1.0,387
9960521,5/1/18,2018,235,7502550,3/10/09,2009,0.6,3.0,330
9966580,5/8/18,2018,11,6181380,1/30/01,2001,0.5,,20
9986802,6/5/18,2018,197,7502550,3/10/09,2009,0.51,1.0,272
D448789,10/2/01,2001,7,5913089,6/15/99,1999,0.61,3.0,8
D449846,10/30/01,2001,5,5913089,6/15/99,1999,0.65,4.0,6
D451115,11/27/01,2001,8,6181380,1/30/01,2001,1.77,19.0,12
D456036,4/23/02,2002,2,5913089,6/15/99,1999,0.64,4.0,7
D463810,10/1/02,2002,2,5913089,6/15/99,1999,0.9,9.0,5
D463811,10/1/02,2002,5,D453781,2/19/02,2002,0.5,,7
D465800,11/19/02,2002,5,5913089,6/15/99,1999,1.1,10.0,10
D467953,12/31/02,2002,1,5913089,6/15/99,1999,0.73,7.0,6
D468331,1/7/03,2003,2,5913089,6/15/99,1999,0.64,5.0,7
D468334,1/7/03,2003,2,5895136,4/20/99,1999,0.74,5.0,9
D470519,2/18/03,2003,4,5913089,6/15/99,1999,0.9,6.0,11
D470524,2/18/03,2003,2,5913089,6/15/99,1999,0.55,1.0,9
D471577,3/11/03,2003,3,5913089,6/15/99,1999,0.53,2.0,9
D474797,5/20/03,2003,3,5805947,9/8/98,1998,0.86,5.0,6
D484156,12/23/03,2003,0,5913089,6/15/99,1999,0.55,2.0,11
D484156,12/23/03,2003,0,5913089,6/15/99,1999,0.55,2.0,11
D486166,2/3/04,2004,0,5913089,6/15/99,1999,0.55,2.0,7
D487282,3/2/04,2004,2,5913089,6/15/99,1999,0.77,5.0,6
D488496,4/13/04,2004,6,D460775,7/23/02,2002,0.54,4.0,9
D489389,5/4/04,2004,1,5913089,6/15/99,1999,0.5,,10
D491969,6/22/04,2004,4,6151455,11/21/00,2000,0.5,,6
D492953,7/13/04,2004,6,D452519,12/25/01,2001,0.62,8.0,12
D494202,8/10/04,2004,11,D473576,4/22/03,2003,0.98,12.0,17
D494611,8/17/04,2004,9,D473576,4/22/03,2003,0.7,6.0,13
D496679,9/28/04,2004,7,D452519,12/25/01,2001,0.5,,13
D496956,10/5/04,2004,5,6151455,11/21/00,2000,0.6,3.0,11
D499131,11/30/04,2004,0,5913089,6/15/99,1999,0.5,3.0,16
D502202,2/22/05,2005,0,5913089,6/15/99,1999,0.57,12.0,14
D503182,3/22/05,2005,0,5913089,6/15/99,1999,1.0,23.0,7
D508935,8/30/05,2005,2,6151455,11/21/00,2000,0.55,2.0,5
D512735,12/13/05,2005,8,D452519,12/25/01,2001,0.5,,13
D516599,3/7/06,2006,17,D473576,4/22/03,2003,4.89,81.0,31
D525638,7/25/06,2006,18,D473576,4/22/03,2003,1.37,25.0,31
D525639,7/25/06,2006,18,D473576,4/22/03,2003,0.98,21.0,29
D537857,3/6/07,2007,17,D473576,4/22/03,2003,1.05,16.0,29
D546860,7/17/07,2007,3,6151455,11/21/00,2000,0.53,1.0,9
D568362,5/6/08,2008,0,5892996,4/6/99,1999,0.84,13.0,8
D598037,8/11/09,2009,1,6398426,6/4/02,2002,0.66,5.0,9
D629033,12/14/10,2010,1,6398426,6/4/02,2002,0.58,3.0,19
D684206,6/11/13,2013,2,D453781,2/19/02,2002,0.55,1.0,7
D700250,2/25/14,2014,87,7502550,3/10/09,2009,0.61,3.0,113
D701578,3/25/14,2014,87,7502550,3/10/09,2009,0.5,,110
D703275,4/22/14,2014,87,7502550,3/10/09,2009,0.7,3.0,112
D703275,4/22/14,2014,87,7502550,3/10/09,2009,0.7,3.0,112
D703766,4/29/14,2014,87,7502550,3/10/09,2009,0.56,2.0,109
D709139,7/15/14,2014,88,7502550,3/10/09,2009,0.51,1.0,109
D745075,12/8/15,2015,5,D473576,4/22/03,2003,0.55,4.0,30
D840945,2/19/19,2019,6,7502550,3/10/09,2009,0.59,4.0,13
D860287,9/17/19,2019,6,D473576,4/22/03,2003,0.54,1.0,48
D865027,10/29/19,2019,8,7502550,3/10/09,2009,0.5,,19
D897407,9/29/20,2020,6,D473576,4/22/03,2003,0.5,,62
D902287,11/17/20,2020,8,D473576,4/22/03,2003,0.5,,66
RE40754,6/23/09,2009,76,5913089,6/15/99,1999,1.03,19.0,97
10005611,6/26/18,2018,268,8995126,3/31/15,2015,0.52,1.0,291
10005611,6/26/18,2018,268,8995126,3/31/15,2015,0.52,1.0,291
10015898,7/3/18,2018,281,8179473,5/15/12,2012,0.66,4.0,432
10035010,7/31/18,2018,19,9241551,1/26/16,2016,0.5,12.0,32
10037905,7/31/18,2018,164,8063983,11/22/11,2011,0.5,,200
10048507,8/14/18,2018,2,6829011,12/7/04,2004,0.5,,9
10051231,8/14/18,2018,0,8773260,7/8/14,2014,0.5,,1
10057395,8/21/18,2018,18,9241551,1/26/16,2016,0.59,3.0,32
10057469,8/21/18,2018,4,6254289,7/3/01,2001,0.5,,11
10058155,8/28/18,2018,145,9660684,5/23/17,2017,0.56,7.0,175
10058155,8/28/18,2018,145,9660684,5/23/17,2017,0.56,7.0,175
10061478,8/28/18,2018,60,6683653,1/27/04,2004,0.5,,102
10064298,8/28/18,2018,7,9025317,5/5/15,2015,0.56,4.0,10
10080488,9/25/18,2018,9,7803109,9/28/10,2010,0.53,2.0,31
10082835,9/25/18,2018,5,8995126,3/31/15,2015,0.58,1.0,12
10082835,9/25/18,2018,5,8995126,3/31/15,2015,0.58,1.0,12
10082835,9/25/18,2018,6,9107299,8/11/15,2015,0.58,1.0,12
10090877,10/2/18,2018,257,8995126,3/31/15,2015,0.51,2.0,283
10091400,10/2/18,2018,1,6683653,1/27/04,2004,0.75,1.0,9
10101637,10/16/18,2018,24,8013932,9/6/11,2011,0.55,2.0,61
10103769,10/16/18,2018,90,9660684,5/23/17,2017,0.53,7.0,104
10123434,11/6/18,2018,5,9660684,5/23/17,2017,0.61,2.0,8
10127806,11/13/18,2018,344,8179473,5/15/12,2012,0.58,1.0,514
10127806,11/13/18,2018,344,8179473,5/15/12,2012,0.58,1.0,514
10133158,11/20/18,2018,3,9609193,3/28/17,2017,0.75,1.0,6
10136716,11/27/18,2018,137,9660684,5/23/17,2017,0.54,8.0,155
10154780,12/18/18,2018,160,7803109,9/28/10,2010,0.5,,192
10157538,12/18/18,2018,344,8179473,5/15/12,2012,0.5,,520
10159320,12/25/18,2018,299,8995126,3/31/15,2015,0.5,,333
10171895,1/1/19,2019,24,9220328,12/29/15,2015,0.5,,35
10171895,1/1/19,2019,30,9660684,5/23/17,2017,0.5,,35
10178902,1/15/19,2019,299,8995126,3/31/15,2015,0.5,,326
10178903,1/15/19,2019,146,9660684,5/23/17,2017,0.55,7.0,167
10183968,1/22/19,2019,7,9415392,8/16/16,2016,0.5,,8
10194545,1/29/19,2019,4,9025317,5/5/15,2015,0.5,,8
10196700,2/5/19,2019,154,9415392,8/16/16,2016,0.5,,176
10196700,2/5/19,2019,155,9447461,9/20/16,2016,0.5,,176
10196700,2/5/19,2019,156,9464319,10/11/16,2016,0.5,,176
10196700,2/5/19,2019,157,9493826,11/15/16,2016,0.5,,176
10200576,2/5/19,2019,1,6683653,1/27/04,2004,0.5,,9
10206472,2/19/19,2019,146,9660684,5/23/17,2017,0.52,7.0,171
10231609,3/19/19,2019,160,7803109,9/28/10,2010,0.5,,185
10236710,3/19/19,2019,10,9577697,2/21/17,2017,0.5,,13
10237996,3/19/19,2019,282,8179473,5/15/12,2012,0.5,,444
10250783,4/2/19,2019,57,9300078,3/29/16,2016,0.52,3.0,107
10255524,4/9/19,2019,3,9415392,8/16/16,2016,0.55,1.0,4
10258127,4/16/19,2019,10,9025317,5/5/15,2015,0.53,2.0,13
10260538,4/16/19,2019,22,9025317,5/5/15,2015,0.5,,25
10268102,4/23/19,2019,3,6247855,6/19/01,2001,0.5,,6
10292285,5/14/19,2019,15,9025317,5/5/15,2015,0.5,,20
10294016,5/21/19,2019,282,8995126,3/31/15,2015,0.52,1.0,309
10299554,5/28/19,2019,353,8995126,3/31/15,2015,0.5,,391
10299554,5/28/19,2019,354,9025317,5/5/15,2015,0.5,,391
10299554,5/28/19,2019,356,9247661,1/26/16,2016,0.5,,391
10299554,5/28/19,2019,358,9380723,6/28/16,2016,0.5,,391
10306123,5/28/19,2019,9,6731341,5/4/04,2004,0.5,,27
10314185,6/4/19,2019,15,9025317,5/5/15,2015,0.68,3.0,18
10317776,6/11/19,2019,23,7520687,4/21/09,2009,0.83,11.0,93
10317939,6/11/19,2019,2,6641311,11/4/03,2003,0.5,,10
10317939,6/11/19,2019,4,7057660,6/6/06,2006,0.5,,10
10331017,6/25/19,2019,16,6683653,1/27/04,2004,0.51,1.0,46
10331017,6/25/19,2019,16,6683653,1/27/04,2004,0.51,1.0,46
10348353,7/9/19,2019,16,9660684,5/23/17,2017,0.56,2.0,19
10356291,7/16/19,2019,48,8013932,9/6/11,2011,0.56,4.0,61
10356500,7/16/19,2019,3,9660684,5/23/17,2017,0.52,2.0,5
10370705,8/6/19,2019,154,9415392,8/16/16,2016,0.5,,173
10370705,8/6/19,2019,155,9447461,9/20/16,2016,0.5,,173
10370705,8/6/19,2019,156,9464319,10/11/16,2016,0.5,,173
10370705,8/6/19,2019,157,9493826,11/15/16,2016,0.5,,173
10396843,8/27/19,2019,299,8995126,3/31/15,2015,0.53,3.0,333
10398290,9/3/19,2019,160,7803109,9/28/10,2010,0.5,,187
10398292,9/3/19,2019,161,7803109,9/28/10,2010,0.75,1.0,192
10405445,9/3/19,2019,5,8995126,3/31/15,2015,0.5,,9
10405445,9/3/19,2019,7,9549598,1/24/17,2017,0.5,,9
10405445,9/3/19,2019,8,9955762,5/1/18,2018,0.5,,9
10405623,9/10/19,2019,148,9660684,5/23/17,2017,0.5,,177
10411749,9/10/19,2019,148,9660684,5/23/17,2017,0.5,,194
10416537,9/17/19,2019,68,9300078,3/29/16,2016,0.5,,145
10420406,9/24/19,2019,179,9241551,1/26/16,2016,0.5,,207
10426238,10/1/19,2019,4,9025317,5/5/15,2015,0.59,1.0,16
10432246,10/1/19,2019,6,9241551,1/26/16,2016,0.5,,8
10448718,10/22/19,2019,170,9241551,1/26/16,2016,0.5,,189
10477983,11/19/19,2019,26,RE40754,6/23/09,2009,0.5,,36
10481633,11/19/19,2019,6,6305852,10/23/01,2001,0.75,2.0,8
10485312,11/26/19,2019,105,9660684,5/23/17,2017,0.69,6.0,138
10492318,11/26/19,2019,16,9025317,5/5/15,2015,0.51,1.0,19
10514642,12/24/19,2019,0,6151455,11/21/00,2000,0.5,,1
10536181,1/14/20,2020,0,9549598,1/24/17,2017,0.5,,1
10543485,1/28/20,2020,155,9415392,8/16/16,2016,0.5,,172
10543485,1/28/20,2020,156,9447461,9/20/16,2016,0.5,,172
10543485,1/28/20,2020,157,9464319,10/11/16,2016,0.5,,172
10543485,1/28/20,2020,158,9493826,11/15/16,2016,0.5,,172
10565960,2/18/20,2020,0,6683653,1/27/04,2004,0.5,,3
10575722,3/3/20,2020,9,7803109,9/28/10,2010,0.5,,33
10575722,3/3/20,2020,9,7803109,9/28/10,2010,0.5,,33
10585080,3/10/20,2020,15,9808798,11/7/17,2017,0.5,,20
10585450,3/10/20,2020,7,9025317,5/5/15,2015,0.63,1.0,21
10595107,3/17/20,2020,25,9220328,12/29/15,2015,0.63,1.0,35
10595107,3/17/20,2020,31,9660684,5/23/17,2017,0.63,1.0,35
10618047,4/14/20,2020,31,9822356,11/21/17,2017,0.5,,37
10623043,4/14/20,2020,159,9660684,5/23/17,2017,0.5,,191
10625242,4/21/20,2020,32,9415392,8/16/16,2016,0.5,1.0,36
10625242,4/21/20,2020,32,9415392,8/16/16,2016,0.5,1.0,36
10638963,5/5/20,2020,117,9415392,8/16/16,2016,0.5,1.0,154
10649319,5/12/20,2020,2,6247855,6/19/01,2001,0.5,,11
10656146,5/19/20,2020,7,9415392,8/16/16,2016,0.5,,9
10656737,5/19/20,2020,3,8594742,11/26/13,2013,0.5,,9
10677793,6/9/20,2020,1,9447461,9/20/16,2016,0.5,,2
10694630,6/23/20,2020,17,9380723,6/28/16,2016,0.51,1.0,24
10694630,6/23/20,2020,21,9559741,1/31/17,2017,0.51,1.0,24
10694630,6/23/20,2020,21,9559741,1/31/17,2017,0.51,1.0,24
10694835,6/30/20,2020,168,9660684,5/23/17,2017,0.56,2.0,234
10698298,6/30/20,2020,4,8013932,9/6/11,2011,0.5,,16
10700483,6/30/20,2020,8,9960521,5/1/18,2018,0.54,2.0,16
10700483,6/30/20,2020,8,9960521,5/1/18,2018,0.54,2.0,16
10708403,7/7/20,2020,14,10005611,6/26/18,2018,0.52,1.0,19
10708403,7/7/20,2020,15,10294016,5/21/19,2019,0.52,1.0,19
10708403,7/7/20,2020,16,10396843,8/27/19,2019,0.52,1.0,19
10715197,7/14/20,2020,12,9220328,12/29/15,2015,0.5,,19
10715197,7/14/20,2020,17,9986802,6/5/18,2018,0.5,,19
10716377,7/21/20,2020,356,8995126,3/31/15,2015,0.5,,400
10716377,7/21/20,2020,357,9025317,5/5/15,2015,0.5,,400
10716377,7/21/20,2020,359,9247661,1/26/16,2016,0.5,,400
10716377,7/21/20,2020,361,9380723,6/28/16,2016,0.5,,400
10730278,8/4/20,2020,6,8995126,3/31/15,2015,0.75,2.0,47
10730278,8/4/20,2020,16,9559741,1/31/17,2017,0.75,2.0,47
10730278,8/4/20,2020,18,9660684,5/23/17,2017,0.75,2.0,47
10730278,8/4/20,2020,29,10090877,10/2/18,2018,0.75,2.0,47
10730278,8/4/20,2020,38,10396843,8/27/19,2019,0.75,2.0,47
10750844,8/25/20,2020,168,9660684,5/23/17,2017,0.5,,223
10761408,9/1/20,2020,68,9300078,3/29/16,2016,0.5,,154
10786049,9/29/20,2020,8,9025317,5/5/15,2015,0.5,,13
10798840,10/6/20,2020,6,9960521,5/1/18,2018,0.5,,8
10819887,10/27/20,2020,1,10481633,11/19/19,2019,0.5,,3
10819887,10/27/20,2020,1,10481633,11/19/19,2019,0.5,,3
10820847,11/3/20,2020,156,9822356,11/21/17,2017,0.5,,182
10827809,11/10/20,2020,303,8995126,3/31/15,2015,0.5,,336
10827809,11/10/20,2020,305,9549598,1/24/17,2017,0.5,,336
10827809,11/10/20,2020,306,10090877,10/2/18,2018,0.5,,336
10835006,11/17/20,2020,269,8995126,3/31/15,2015,0.5,,304
10849241,11/24/20,2020,16,9025317,5/5/15,2015,0.75,1.0,21
10852905,12/1/20,2020,27,6683653,1/27/04,2004,0.96,7.0,77
10878782,12/29/20,2020,29,6683653,1/27/04,2004,0.5,,86
10881284,1/5/21,2021,9,7803109,9/28/10,2010,0.5,,34
10881915,1/5/21,2021,16,6683653,1/27/04,2004,0.5,,52
10881915,1/5/21,2021,16,6683653,1/27/04,2004,0.5,,52
10887494,1/5/21,2021,68,9300078,3/29/16,2016,0.5,,141
10888259,1/12/21,2021,123,9415392,8/16/16,2016,0.5,,167
10888259,1/12/21,2021,123,9415392,8/16/16,2016,0.5,,167
10890826,1/12/21,2021,13,6247855,6/19/01,2001,0.5,,20
10902299,1/26/21,2021,3,9415392,8/16/16,2016,0.5,,7
10905213,2/2/21,2021,20,9025317,5/5/15,2015,0.5,,29
10905213,2/2/21,2021,22,9549598,1/24/17,2017,0.5,,29
10908559,2/2/21,2021,28,6683653,1/27/04,2004,0.5,,84
10908559,2/2/21,2021,28,6683653,1/27/04,2004,0.5,,84
10912699,2/9/21,2021,60,7803109,9/28/10,2010,0.5,,91
10928711,2/23/21,2021,134,8013932,9/6/11,2011,0.5,,301
10932710,3/2/21,2021,123,9415392,8/16/16,2016,0.5,,167
10935872,3/2/21,2021,0,8033743,10/11/11,2011,0.5,,4
10936345,3/2/21,2021,31,6683653,1/27/04,2004,0.58,1.0,86
10939812,3/9/21,2021,14,7803109,9/28/10,2010,0.5,,39
10948777,3/16/21,2021,0,7977863,7/12/11,2011,0.5,,3
10948777,3/16/21,2021,0,7977863,7/12/11,2011,0.5,,3
10954055,3/23/21,2021,167,9220328,12/29/15,2015,0.5,,178
11167375,11/9/21,2021,896,9565910,2/14/17,2017,0.5,,121
11243167,2/8/22,2022,6,9415392,8/16/16,2016,0.5,,2
11432662,9/6/22,2022,26,RE40754,6/23/09,2009,0.5,,7
6135652,10/24/00,2000,4,6036376,3/14/00,2000,0.83,12.0,5
6240259,5/29/01,2001,27,5915140,6/22/99,1999,0.57,2.0,30
6257776,7/10/01,2001,6,6036376,3/14/00,2000,0.86,4.0,7
6302598,10/16/01,2001,2,6086266,7/11/00,2000,0.91,7.0,3
6305852,10/23/01,2001,7,6036376,3/14/00,2000,1.33,19.0,9
6322259,11/27/01,2001,5,6086266,7/11/00,2000,1.04,9.0,6
6347893,2/19/02,2002,3,6151455,11/21/00,2000,2.99,50.0,4
6350067,2/26/02,2002,3,6036376,3/14/00,2000,0.53,1.0,4
6360060,3/19/02,2002,0,5943510,8/24/99,1999,0.56,2.0,4
6360060,3/19/02,2002,0,5943510,8/24/99,1999,0.56,2.0,4
6360060,3/19/02,2002,1,6160958,12/12/00,2000,0.56,2.0,4
6398426,6/4/02,2002,6,6151455,11/21/00,2000,0.81,7.0,7
6422767,7/23/02,2002,0,6036376,3/14/00,2000,0.63,3.0,1
6424803,7/23/02,2002,1,6151455,11/21/00,2000,0.68,4.0,2
6434338,8/13/02,2002,11,6151455,11/21/00,2000,0.53,1.0,15
6434338,8/13/02,2002,12,6175690,1/16/01,2001,0.53,1.0,15
6450708,9/17/02,2002,3,6302598,10/16/01,2001,1.57,9.0,6
6450708,9/17/02,2002,4,6305852,10/23/01,2001,1.57,9.0,6
6450708,9/17/02,2002,4,6305852,10/23/01,2001,1.57,9.0,6
6490413,12/3/02,2002,7,6099172,8/8/00,2000,0.5,,10
6493509,12/10/02,2002,9,5946514,8/31/99,1999,0.53,1.0,12
6512886,1/28/03,2003,10,5946514,8/31/99,1999,0.56,1.0,11
6526230,2/25/03,2003,11,6099172,8/8/00,2000,0.5,,14
6534952,3/18/03,2003,2,6462780,10/8/02,2002,0.56,4.0,3
6549728,4/15/03,2003,16,5983026,11/9/99,1999,0.5,,20
6574431,6/3/03,2003,4,6151455,11/21/00,2000,0.61,2.0,5
6595702,7/22/03,2003,8,6305852,10/23/01,2001,0.5,,12
6595702,7/22/03,2003,9,6350067,2/26/02,2002,0.5,,12
6600879,7/29/03,2003,2,6160958,12/12/00,2000,0.5,1.0,6
6600879,7/29/03,2003,2,6160958,12/12/00,2000,0.5,1.0,6
6600879,7/29/03,2003,4,6516144,2/4/03,2003,0.5,1.0,6
6636698,10/21/03,2003,4,6254289,7/3/01,2001,0.56,1.0,7
6637953,10/28/03,2003,1,6086266,7/11/00,2000,0.67,3.0,5
6637953,10/28/03,2003,2,6257776,7/10/01,2001,0.67,3.0,5
6637953,10/28/03,2003,3,6347893,2/19/02,2002,0.67,3.0,5
6637953,10/28/03,2003,4,6450708,9/17/02,2002,0.67,3.0,5
6641311,11/4/03,2003,3,6347893,2/19/02,2002,1.02,4.0,6
6669381,12/30/03,2003,4,6099172,8/8/00,2000,0.5,,5
6714727,3/30/04,2004,8,6424803,7/23/02,2002,0.5,,15
6715938,4/6/04,2004,5,6450708,9/17/02,2002,0.97,5.0,6
6724428,4/20/04,2004,8,6099172,8/8/00,2000,0.52,1.0,14
6735381,5/11/04,2004,9,6257776,7/10/01,2001,0.66,3.0,12
6760074,7/6/04,2004,10,6462780,10/8/02,2002,2.43,16.0,15
6768596,7/27/04,2004,0,6086266,7/11/00,2000,0.82,3.0,3
6799854,10/5/04,2004,9,6247855,6/19/01,2001,1.39,10.0,11
6805499,10/19/04,2004,2,6212335,4/3/01,2001,0.84,25.0,6
6823198,11/23/04,2004,9,6683644,1/27/04,2004,3.92,121.0,10
6871016,3/22/05,2005,20,6462780,10/8/02,2002,0.5,,28
6871016,3/22/05,2005,20,6462780,10/8/02,2002,0.5,,28
6926453,8/9/05,2005,3,6450708,9/17/02,2002,1.15,8.0,5
6966709,11/22/05,2005,1,6450708,9/17/02,2002,0.6,1.0,2
6989817,1/24/06,2006,14,6829011,12/7/04,2004,0.89,6.0,17
6992724,1/31/06,2006,10,6731341,5/4/04,2004,0.51,1.0,12
7011459,3/14/06,2006,5,6450708,9/17/02,2002,0.5,,8
7012647,3/14/06,2006,8,6829011,12/7/04,2004,0.73,3.0,11
7061536,6/13/06,2006,17,6829011,12/7/04,2004,1.8,36.0,19
7079185,7/18/06,2006,3,6829011,12/7/04,2004,0.64,2.0,4
7092030,8/15/06,2006,19,6992724,1/31/06,2006,0.58,1.0,23
7106963,9/12/06,2006,6,6731341,5/4/04,2004,0.92,10.0,10
7106963,9/12/06,2006,6,6731341,5/4/04,2004,0.92,10.0,10
7122753,10/17/06,2006,11,6254289,7/3/01,2001,1.06,12.0,17
7123423,10/17/06,2006,4,6829011,12/7/04,2004,0.64,4.0,6
7151676,12/19/06,2006,0,5915140,6/22/99,1999,0.81,1.0,3
7151676,12/19/06,2006,1,6683653,1/27/04,2004,0.81,1.0,3
7168751,1/30/07,2007,17,6972751,12/6/05,2005,0.55,1.0,22
7170558,1/30/07,2007,6,6829011,12/7/04,2004,2.01,11.0,9
7180542,2/20/07,2007,13,6829011,12/7/04,2004,1.26,6.0,16
7199832,4/3/07,2007,15,6731341,5/4/04,2004,0.72,15.0,22
7215364,5/8/07,2007,29,6031996,2/29/00,2000,1.9,64.0,47
7215880,5/8/07,2007,7,6031996,2/29/00,2000,0.5,,17
7239806,7/3/07,2007,6,6347893,2/19/02,2002,2.23,31.0,11
7239806,7/3/07,2007,7,6450708,9/17/02,2002,2.23,31.0,11
7248293,7/24/07,2007,9,6829011,12/7/04,2004,1.01,10.0,13
7248419,7/24/07,2007,5,6829011,12/7/04,2004,0.6,3.0,8
7248419,7/24/07,2007,6,7123423,10/17/06,2006,0.6,3.0,8
7253834,8/7/07,2007,21,6829011,12/7/04,2004,1.06,4.0,30
7280151,10/9/07,2007,12,6683653,1/27/04,2004,1.21,3.0,17
7286181,10/23/07,2007,17,6829011,12/7/04,2004,1.33,17.0,21
7295242,11/13/07,2007,7,6683644,1/27/04,2004,0.56,4.0,11
7297938,11/20/07,2007,4,6247855,6/19/01,2001,0.8,9.0,10
7318978,1/15/08,2008,0,6462780,10/8/02,2002,0.79,4.0,2
7319490,1/15/08,2008,14,6683653,1/27/04,2004,2.08,25.0,17
7333143,2/19/08,2008,2,6829011,12/7/04,2004,0.62,7.0,4
7354206,4/8/08,2008,1,6254289,7/3/01,2001,0.83,5.0,3
7372518,5/13/08,2008,6,7046264,5/16/06,2006,0.59,1.0,8
7379667,5/27/08,2008,1,7133277,11/7/06,2006,0.63,1.0,2
7380998,6/3/08,2008,21,6829011,12/7/04,2004,0.5,1.0,32
7385597,6/10/08,2008,11,6683653,1/27/04,2004,0.8,6.0,14
7385647,6/10/08,2008,10,6796727,9/28/04,2004,0.63,20.0,16
7403706,7/22/08,2008,0,6641311,11/4/03,2003,0.86,3.0,1
7419281,9/2/08,2008,4,6799905,10/5/04,2004,1.61,55.0,6
7436447,10/14/08,2008,8,6829011,12/7/04,2004,0.5,,10
7438486,10/21/08,2008,0,6086266,7/11/00,2000,1.07,20.0,3
7440767,10/21/08,2008,10,6683653,1/27/04,2004,0.88,106.0,16
7449805,11/11/08,2008,0,6829011,12/7/04,2004,1.0,7.0,3
7450169,11/11/08,2008,2,6683653,1/27/04,2004,0.82,10.0,9
7450175,11/11/08,2008,6,6683653,1/27/04,2004,0.53,2.0,13
7453508,11/18/08,2008,5,6683644,1/27/04,2004,0.55,1.0,9
7480005,1/20/09,2009,2,5915140,6/22/99,1999,0.92,8.0,11
7483069,1/27/09,2009,4,6829011,12/7/04,2004,0.93,3.0,5
7484885,2/3/09,2009,25,6450708,9/17/02,2002,2.01,14.0,35
7507042,3/24/09,2009,5,6254289,7/3/01,2001,0.68,2.0,7
7508441,3/24/09,2009,3,6829011,12/7/04,2004,0.58,1.0,9
7508606,3/24/09,2009,24,6805499,10/19/04,2004,0.54,1.0,35
7516631,4/14/09,2009,15,7057660,6/6/06,2006,0.68,12.0,21
7516631,4/14/09,2009,15,7057660,6/6/06,2006,0.68,12.0,21
7519290,4/14/09,2009,2,6036376,3/14/00,2000,0.63,3.0,13
7519290,4/14/09,2009,2,6036376,3/14/00,2000,0.63,3.0,13
7520687,4/21/09,2009,3,6254289,7/3/01,2001,0.5,4.0,6
7520687,4/21/09,2009,4,6641311,11/4/03,2003,0.5,4.0,6
7542089,6/2/09,2009,6,6829011,12/7/04,2004,0.5,,10
7542781,6/2/09,2009,1,6212335,4/3/01,2001,0.65,2.0,3
7561349,7/14/09,2009,6,6247855,6/19/01,2001,0.5,,9
7567284,7/28/09,2009,5,6829011,12/7/04,2004,1.67,14.0,9
7570302,8/4/09,2009,11,6731341,5/4/04,2004,0.5,,15
7573011,8/11/09,2009,25,6805499,10/19/04,2004,0.58,4.0,40
7580209,8/25/09,2009,24,6805499,10/19/04,2004,0.52,3.0,38
7585080,9/8/09,2009,8,6247855,6/19/01,2001,0.7,7.0,12
7586753,9/8/09,2009,8,6462780,10/8/02,2002,0.63,2.0,11
7587134,9/8/09,2009,4,6254289,7/3/01,2001,0.5,,6
7590505,9/15/09,2009,24,6805499,10/19/04,2004,0.52,3.0,38
7600931,10/13/09,2009,4,6398426,6/4/02,2002,0.67,2.0,8
7611295,11/3/09,2009,3,6212335,4/3/01,2001,0.58,1.0,5
7619900,11/17/09,2009,3,6257776,7/10/01,2001,0.97,6.0,6
7623301,11/24/09,2009,25,6805499,10/19/04,2004,0.52,3.0,38
7633548,12/15/09,2009,11,6247855,6/19/01,2001,1.63,9.0,13
7646121,1/12/10,2010,6,6829011,12/7/04,2004,0.63,3.0,8
7652719,1/26/10,2010,1,6212335,4/3/01,2001,0.5,,3
7665913,2/23/10,2010,6,6347893,2/19/02,2002,0.98,7.0,15
7665913,2/23/10,2010,10,6796727,9/28/04,2004,0.98,7.0,15
7682091,3/23/10,2010,3,6247855,6/19/01,2001,1.18,3.0,6
7701505,4/20/10,2010,5,6829011,12/7/04,2004,0.99,8.0,8
7715129,5/11/10,2010,24,6805499,10/19/04,2004,1.1,5.0,36
7719775,5/18/10,2010,4,6450708,9/17/02,2002,0.79,2.0,8
7722263,5/25/10,2010,5,6036376,3/14/00,2000,1.03,5.0,15
7722263,5/25/10,2010,6,6135652,10/24/00,2000,1.03,5.0,15
7722263,5/25/10,2010,7,6305852,10/23/01,2001,1.03,5.0,15
7722263,5/25/10,2010,9,6398426,6/4/02,2002,1.03,5.0,15
7722263,5/25/10,2010,10,6450708,9/17/02,2002,1.03,5.0,15
7724302,5/25/10,2010,10,6036376,3/14/00,2000,0.84,17.0,15
7724302,5/25/10,2010,11,6257776,7/10/01,2001,0.84,17.0,15
7724302,5/25/10,2010,14,6735381,5/11/04,2004,0.84,17.0,15
7733386,6/8/10,2010,2,6683644,1/27/04,2004,0.5,,6
7733386,6/8/10,2010,2,6683644,1/27/04,2004,0.5,,6
7738035,6/15/10,2010,2,6212335,4/3/01,2001,0.66,1.0,4
7739759,6/22/10,2010,232,RE40754,6/23/09,2009,1.0,29.0,252
7744478,6/29/10,2010,18,RE40754,6/23/09,2009,0.5,1.0,21
7764879,7/27/10,2010,0,6683653,1/27/04,2004,0.5,,1
7780126,8/24/10,2010,52,7057660,6/6/06,2006,1.29,15.0,60
7787193,8/31/10,2010,2,6829011,12/7/04,2004,1.05,5.0,12
7787193,8/31/10,2010,4,7123423,10/17/06,2006,1.05,5.0,12
7787193,8/31/10,2010,5,7248419,7/24/07,2007,1.05,5.0,12
7798730,9/21/10,2010,27,6805499,10/19/04,2004,0.81,27.0,41
7803109,9/28/10,2010,14,6574431,6/3/03,2003,0.84,19.0,18
7804541,9/28/10,2010,1,6683653,1/27/04,2004,0.61,4.0,7
7806606,10/5/10,2010,27,6805499,10/19/04,2004,0.74,14.0,42
7825985,11/2/10,2010,28,6805499,10/19/04,2004,0.96,9.0,43
7826024,11/2/10,2010,1,6462780,10/8/02,2002,0.5,,5
7840634,11/23/10,2010,11,6731341,5/4/04,2004,1.81,6.0,19
7845864,12/7/10,2010,2,6799905,10/5/04,2004,0.5,,4
7845864,12/7/10,2010,2,6799905,10/5/04,2004,0.5,,4
7868945,1/11/11,2011,7,6683653,1/27/04,2004,0.85,5.0,14
7869822,1/11/11,2011,63,6805499,10/19/04,2004,0.55,3.0,100
7874745,1/25/11,2011,0,6036376,3/14/00,2000,0.5,,3
7874745,1/25/11,2011,1,6151455,11/21/00,2000,0.5,,3
7874745,1/25/11,2011,2,7722263,5/25/10,2010,0.5,,3
7878719,2/1/11,2011,7,7507042,3/24/09,2009,0.5,,9
7882579,2/8/11,2011,232,RE40754,6/23/09,2009,0.85,25.0,262
7884880,2/8/11,2011,3,6151455,11/21/00,2000,0.6,2.0,7
7884880,2/8/11,2011,4,6305852,10/23/01,2001,0.6,2.0,7
7884880,2/8/11,2011,6,7722263,5/25/10,2010,0.6,2.0,7
7907207,3/15/11,2011,1,6247855,6/19/01,2001,0.52,1.0,7
7916459,3/29/11,2011,10,6434338,8/13/02,2002,0.71,6.0,23
7927029,4/19/11,2011,3,6799905,10/5/04,2004,0.86,10.0,5
7929051,4/19/11,2011,2,6683644,1/27/04,2004,0.5,,17
7938586,5/10/11,2011,2,6135652,10/24/00,2000,0.77,2.0,7
7938586,5/10/11,2011,3,6398426,6/4/02,2002,0.77,2.0,7
7950859,5/31/11,2011,0,6305852,10/23/01,2001,0.68,4.0,8
7950859,5/31/11,2011,1,6347893,2/19/02,2002,0.68,4.0,8
7950859,5/31/11,2011,1,6347893,2/19/02,2002,0.68,4.0,8
7950859,5/31/11,2011,3,6637953,10/28/03,2003,0.68,4.0,8
7950859,5/31/11,2011,4,6796727,9/28/04,2004,0.68,4.0,8
7954747,6/7/11,2011,15,6363219,3/26/02,2002,0.66,3.0,26
7956272,6/7/11,2011,60,6683653,1/27/04,2004,1.23,57.0,99
7969733,6/28/11,2011,14,7619900,11/17/09,2009,0.73,5.0,17
7990456,8/2/11,2011,8,6683653,1/27/04,2004,0.73,5.0,17
8001638,8/23/11,2011,32,RE40754,6/23/09,2009,0.93,23.0,41
8016496,9/13/11,2011,2,6135652,10/24/00,2000,0.5,,13
8016496,9/13/11,2011,3,6247855,6/19/01,2001,0.5,,13
8016496,9/13/11,2011,6,6574431,6/3/03,2003,0.5,,13
8016496,9/13/11,2011,8,6735381,5/11/04,2004,0.5,,13
8016496,9/13/11,2011,8,6735381,5/11/04,2004,0.5,,13
8018528,9/13/11,2011,30,6805499,10/19/04,2004,0.52,2.0,51
8019212,9/13/11,2011,10,7123423,10/17/06,2006,0.5,,16
8019212,9/13/11,2011,11,7248419,7/24/07,2007,0.5,,16
8033743,10/11/11,2011,3,6637953,10/28/03,2003,0.5,1.0,7
8033743,10/11/11,2011,5,6796727,9/28/04,2004,0.5,1.0,7
8044582,10/25/11,2011,4,7304437,12/4/07,2007,0.5,,9
8059195,11/15/11,2011,4,7724302,5/25/10,2010,0.5,,8
8059195,11/15/11,2011,4,7724302,5/25/10,2010,0.5,,8
8063983,11/22/11,2011,1,6637953,10/28/03,2003,0.62,10.0,6
8064980,11/22/11,2011,7,6972751,12/6/05,2005,0.72,3.0,11
8083421,12/27/11,2011,30,6805499,10/19/04,2004,0.5,,54
8085343,12/27/11,2011,2,6796727,9/28/04,2004,0.5,,3
8094212,1/10/12,2012,18,7057660,6/6/06,2006,0.57,27.0,21
8094229,1/10/12,2012,0,7057660,6/6/06,2006,0.5,,1
8112128,2/7/12,2012,31,6805499,10/19/04,2004,0.68,12.0,52
8116622,2/14/12,2012,11,7027094,4/11/06,2006,0.5,,18
8118439,2/21/12,2012,13,6247855,6/19/01,2001,0.56,1.0,19
8118439,2/21/12,2012,18,7507042,3/24/09,2009,0.56,1.0,19
8120693,2/21/12,2012,1,6829011,12/7/04,2004,1.38,6.0,9
8120699,2/21/12,2012,5,6314238,11/6/01,2001,0.55,1.0,16
8141186,3/27/12,2012,235,RE40754,6/23/09,2009,0.99,32.0,252
8174574,5/8/12,2012,20,7123423,10/17/06,2006,0.5,,29
8174574,5/8/12,2012,21,7248419,7/24/07,2007,0.5,,29
8188357,5/29/12,2012,58,6683653,1/27/04,2004,0.57,6.0,95
8190993,5/29/12,2012,30,6683653,1/27/04,2004,0.71,4.0,38
8199511,6/12/12,2012,8,7619900,11/17/09,2009,1.51,27.0,13
8201291,6/19/12,2012,235,RE40754,6/23/09,2009,1.07,33.0,262
8230818,7/31/12,2012,21,RE40754,6/23/09,2009,0.61,2.0,24
8256906,9/4/12,2012,3,6135652,10/24/00,2000,0.88,2.0,10
8256906,9/4/12,2012,4,6302598,10/16/01,2001,0.88,2.0,10
8256906,9/4/12,2012,5,6347893,2/19/02,2002,0.88,2.0,10
8256906,9/4/12,2012,6,6398426,6/4/02,2002,0.88,2.0,10
8256906,9/4/12,2012,8,7938586,5/10/11,2011,0.88,2.0,10
8267602,9/18/12,2012,0,6829011,12/7/04,2004,0.5,,4
8292523,10/23/12,2012,10,6247855,6/19/01,2001,1.48,7.0,15
8310591,11/13/12,2012,5,6829011,12/7/04,2004,0.5,,12
8323929,12/4/12,2012,44,6247855,6/19/01,2001,0.58,1.0,66
8340514,12/25/12,2012,3,6135652,10/24/00,2000,0.58,1.0,9
8340514,12/25/12,2012,3,6135652,10/24/00,2000,0.58,1.0,9
8340514,12/25/12,2012,4,6176626,1/23/01,2001,0.58,1.0,9
8348528,1/8/13,2013,10,7133277,11/7/06,2006,0.5,,16
8350950,1/8/13,2013,15,6829011,12/7/04,2004,0.5,,20
8353635,1/15/13,2013,10,7133277,11/7/06,2006,0.52,1.0,18
8358395,1/22/13,2013,5,6683644,1/27/04,2004,2.46,71.0,32
8360662,1/29/13,2013,5,8186894,5/29/12,2012,0.57,1.0,7
8376554,2/19/13,2013,2,6305852,10/23/01,2001,0.75,1.0,3
8378932,2/19/13,2013,15,6972751,12/6/05,2005,1.0,31.0,32
8411198,4/2/13,2013,1,6731341,5/4/04,2004,0.5,,3
8416508,4/9/13,2013,0,6829011,12/7/04,2004,0.62,3.0,5
8421912,4/16/13,2013,0,6829011,12/7/04,2004,0.91,5.0,2
8445796,5/21/13,2013,0,6805499,10/19/04,2004,0.59,7.0,4
8488046,7/16/13,2013,46,6805499,10/19/04,2004,0.5,,92
8488046,7/16/13,2013,46,6805499,10/19/04,2004,0.5,,92
8496390,7/30/13,2013,0,6036376,3/14/00,2000,1.89,29.0,1
8514325,8/20/13,2013,4,6151455,11/21/00,2000,0.5,,13
8514325,8/20/13,2013,5,6305852,10/23/01,2001,0.5,,13
8514325,8/20/13,2013,6,6641311,11/4/03,2003,0.5,,13
8514325,8/20/13,2013,8,7722263,5/25/10,2010,0.5,,13
8514325,8/20/13,2013,8,7722263,5/25/10,2010,0.5,,13
8514325,8/20/13,2013,9,7884880,2/8/11,2011,0.5,,13
8514325,8/20/13,2013,9,7884880,2/8/11,2011,0.5,,13
8540439,9/24/13,2013,10,7133277,11/7/06,2006,0.55,1.0,17
8545114,10/1/13,2013,62,6805499,10/19/04,2004,1.03,8.0,118
8564709,10/22/13,2013,9,6683653,1/27/04,2004,0.63,1.0,19
8564715,10/22/13,2013,36,6805499,10/19/04,2004,0.84,4.0,70
8571397,10/29/13,2013,6,7027094,4/11/06,2006,0.5,,12
8605208,12/10/13,2013,84,6805499,10/19/04,2004,0.52,2.0,169
8621047,12/31/13,2013,22,6731341,5/4/04,2004,0.5,,36
8638392,1/28/14,2014,2,8013932,9/6/11,2011,0.68,20.0,4
8643774,2/4/14,2014,12,7057660,6/6/06,2006,0.67,2.0,15
8695385,4/15/14,2014,61,7057660,6/6/06,2006,1.61,9.0,99
8715788,5/6/14,2014,160,8063983,11/22/11,2011,0.56,8.0,179
8723968,5/13/14,2014,3,7722263,5/25/10,2010,0.54,1.0,9
8745793,6/10/14,2014,25,RE40754,6/23/09,2009,0.92,15.0,34
8781487,7/15/14,2014,76,6805499,10/19/04,2004,0.63,4.0,117
8804023,8/12/14,2014,0,7057660,6/6/06,2006,0.5,,3
8807851,8/19/14,2014,0,6135652,10/24/00,2000,0.5,,2
8807851,8/19/14,2014,1,6347893,2/19/02,2002,0.5,,2
8810720,8/19/14,2014,1,6151455,11/21/00,2000,0.5,,2
8817158,8/26/14,2014,2,7027094,4/11/06,2006,0.88,15.0,7
8817158,8/26/14,2014,2,7027094,4/11/06,2006,0.88,15.0,7
8874178,10/28/14,2014,32,6805499,10/19/04,2004,0.5,,60
8889233,11/18/14,2014,198,8063983,11/22/11,2011,0.57,9.0,222
8893661,11/25/14,2014,23,RE40754,6/23/09,2009,0.55,1.0,31
8899850,12/2/14,2014,2,7600931,10/13/09,2009,0.5,,5
8904999,12/9/14,2014,8,7927029,4/19/11,2011,0.85,5.0,11
8905655,12/9/14,2014,0,8256906,9/4/12,2012,0.5,,1
8934257,1/13/15,2015,8,7634193,12/15/09,2009,0.5,,12
8934257,1/13/15,2015,8,7634193,12/15/09,2009,0.5,,12
8937681,1/20/15,2015,51,6805499,10/19/04,2004,0.54,1.0,110
8950940,2/10/15,2015,0,6135652,10/24/00,2000,0.5,,4
8950940,2/10/15,2015,1,6398426,6/4/02,2002,0.5,,4
8950940,2/10/15,2015,2,7938586,5/10/11,2011,0.5,,4
8950940,2/10/15,2015,3,8256906,9/4/12,2012,0.5,,4
8952260,2/10/15,2015,6,7634193,12/15/09,2009,0.5,,8
8952260,2/10/15,2015,6,7634193,12/15/09,2009,0.5,,8
8952277,2/10/15,2015,1,6805499,10/19/04,2004,0.5,,5
8980197,3/17/15,2015,6,7803109,9/28/10,2010,0.5,,7
8980769,3/17/15,2015,190,8063983,11/22/11,2011,0.6,11.0,219
8982267,3/17/15,2015,35,6805499,10/19/04,2004,0.5,,68
8992026,3/31/15,2015,2,6305852,10/23/01,2001,0.5,,5
8992026,3/31/15,2015,2,6305852,10/23/01,2001,0.5,,5
8994264,3/31/15,2015,1,7304437,12/4/07,2007,0.52,2.0,2
8994301,3/31/15,2015,3,6314238,11/6/01,2001,0.72,3.0,6
9019416,4/28/15,2015,1,7057660,6/6/06,2006,0.5,,6
9019416,4/28/15,2015,1,7057660,6/6/06,2006,0.5,,6
9046741,6/2/15,2015,2,7600931,10/13/09,2009,0.5,,5
9050036,6/9/15,2015,147,7803109,9/28/10,2010,0.56,8.0,163
9050037,6/9/15,2015,148,7803109,9/28/10,2010,0.74,13.0,178
9050623,6/9/15,2015,162,8063983,11/22/11,2011,0.62,5.0,183
9065995,6/23/15,2015,2,7634193,12/15/09,2009,0.6,5.0,4
9078562,7/14/15,2015,147,7803109,9/28/10,2010,0.71,29.0,176
9083270,7/14/15,2015,2,6314238,11/6/01,2001,0.5,,7
9116415,8/25/15,2015,7,6829011,12/7/04,2004,0.5,,12
9116416,8/25/15,2015,2,8340514,12/25/12,2012,0.5,,4
9155223,10/6/15,2015,8,7619900,11/17/09,2009,0.5,,13
9155223,10/6/15,2015,8,7619900,11/17/09,2009,0.5,,13
9155224,10/6/15,2015,8,7619900,11/17/09,2009,0.5,,11
9179562,11/3/15,2015,246,8995126,3/31/15,2015,0.5,,265
9204788,12/8/15,2015,10,7027094,4/11/06,2006,0.55,4.0,16
9211059,12/15/15,2015,151,7803109,9/28/10,2010,0.89,25.0,175
9247113,1/26/16,2016,1,7057660,6/6/06,2006,0.5,,7
9256252,2/9/16,2016,3,8995126,3/31/15,2015,0.69,2.0,6
9256252,2/9/16,2016,4,9025317,5/5/15,2015,0.69,2.0,6
9256258,2/9/16,2016,39,9025317,5/5/15,2015,0.54,2.0,43
9276626,3/1/16,2016,189,8995126,3/31/15,2015,0.62,22.0,212
9276626,3/1/16,2016,189,8995126,3/31/15,2015,0.62,22.0,212
9299329,3/29/16,2016,59,6683653,1/27/04,2004,0.5,,96
9316026,4/19/16,2016,75,9025317,5/5/15,2015,0.54,12.0,87
9375609,6/28/16,2016,10,9025317,5/5/15,2015,0.7,3.0,11
9380723,6/28/16,2016,295,9025317,5/5/15,2015,0.52,3.0,323
9433468,9/6/16,2016,210,7803109,9/28/10,2010,0.5,,253
9439314,9/6/16,2016,292,8995126,3/31/15,2015,0.5,,324
9451134,9/20/16,2016,1,7057660,6/6/06,2006,0.5,,6
9485880,11/1/16,2016,4,7619900,11/17/09,2009,0.71,2.0,6
9522017,12/20/16,2016,154,7803109,9/28/10,2010,0.76,7.0,189
9526409,12/27/16,2016,25,7803109,9/28/10,2010,0.59,3.0,31
9529388,12/27/16,2016,5,9025317,5/5/15,2015,0.55,1.0,7
9549598,1/24/17,2017,300,8995126,3/31/15,2015,0.83,5.0,329
9554036,1/24/17,2017,1,6683653,1/27/04,2004,0.78,7.0,3
9557627,1/31/17,2017,2,6829011,12/7/04,2004,0.77,5.0,15
9577697,2/21/17,2017,343,8995126,3/31/15,2015,0.52,1.0,371
9577697,2/21/17,2017,344,9025317,5/5/15,2015,0.52,1.0,371
9596388,3/14/17,2017,37,8013932,9/6/11,2011,0.51,3.0,51
9609093,3/28/17,2017,0,8995126,3/31/15,2015,0.5,,1
9621219,4/11/17,2017,342,8995126,3/31/15,2015,0.5,,385
9621219,4/11/17,2017,343,9025317,5/5/15,2015,0.5,,385
9634707,4/25/17,2017,35,9241551,1/26/16,2016,0.55,1.0,43
9641744,5/2/17,2017,1,7027094,4/11/06,2006,0.5,,5
9659769,5/23/17,2017,192,8063983,11/22/11,2011,0.88,4.0,225
9660684,5/23/17,2017,276,8995126,3/31/15,2015,0.69,20.0,295
9698848,7/4/17,2017,1,9025317,5/5/15,2015,0.5,,3
9699360,7/4/17,2017,37,8013932,9/6/11,2011,0.51,3.0,50
9715104,7/25/17,2017,3,8186894,5/29/12,2012,0.56,2.0,5
9733551,8/15/17,2017,2,6683653,1/27/04,2004,0.61,3.0,5
9733551,8/15/17,2017,2,6683653,1/27/04,2004,0.61,3.0,5
9746661,8/29/17,2017,6,6247855,6/19/01,2001,0.5,,9
9770120,9/26/17,2017,25,RE40754,6/23/09,2009,0.51,1.0,34
9775502,10/3/17,2017,37,7803109,9/28/10,2010,0.5,,52
9780417,10/3/17,2017,3,8013932,9/6/11,2011,0.58,3.0,18
9781315,10/3/17,2017,1,7057660,6/6/06,2006,0.5,,6
9813097,11/7/17,2017,6,9220328,12/29/15,2015,0.5,,15
9813546,11/7/17,2017,27,9660684,5/23/17,2017,0.5,,31
9839151,12/5/17,2017,16,9025317,5/5/15,2015,0.5,,20
9847221,12/19/17,2017,189,8063983,11/22/11,2011,0.58,33.0,227
9851620,12/26/17,2017,0,6683653,1/27/04,2004,0.51,2.0,1
9873946,1/23/18,2018,164,8063983,11/22/11,2011,0.51,1.0,195
9876523,1/23/18,2018,22,9241551,1/26/16,2016,0.51,1.0,27
9882305,1/30/18,2018,48,9300078,3/29/16,2016,0.55,8.0,76
9891503,2/13/18,2018,3,6516144,2/4/03,2003,0.58,1.0,8
9901004,2/20/18,2018,3,8995126,3/31/15,2015,0.5,,6
9904328,2/27/18,2018,9,9241551,1/26/16,2016,0.5,,17
9904328,2/27/18,2018,11,9549598,1/24/17,2017,0.5,,17
9955762,5/1/18,2018,352,8995126,3/31/15,2015,0.54,1.0,387
9955762,5/1/18,2018,353,9025317,5/5/15,2015,0.54,1.0,387
9978265,5/22/18,2018,329,8179473,5/15/12,2012,0.73,6.0,500
9979683,5/22/18,2018,22,6731341,5/4/04,2004,0.5,,39
D428905,8/1/00,2000,8,6036376,3/14/00,2000,0.57,1.0,9
D429745,8/22/00,2000,9,6036376,3/14/00,2000,0.5,,11
D429748,8/22/00,2000,7,6036376,3/14/00,2000,0.76,7.0,9
D429748,8/22/00,2000,7,6036376,3/14/00,2000,0.76,7.0,9
D457903,5/28/02,2002,4,D451115,11/27/01,2001,3.54,34.0,6
D463810,10/1/02,2002,3,D448789,10/2/01,2001,0.9,9.0,5
D467603,12/24/02,2002,3,6305852,10/23/01,2001,0.86,7.0,5
D468334,1/7/03,2003,6,6302598,10/16/01,2001,0.74,5.0,9
D469795,2/4/03,2003,6,6347893,2/19/02,2002,0.75,5.0,7
D470524,2/18/03,2003,5,D449846,10/30/01,2001,0.55,1.0,9
D471577,3/11/03,2003,5,D449846,10/30/01,2001,0.53,2.0,9
D471577,3/11/03,2003,5,D449846,10/30/01,2001,0.53,2.0,9
D473250,4/15/03,2003,4,D451115,11/27/01,2001,0.73,3.0,7
D474797,5/20/03,2003,5,6086266,7/11/00,2000,0.86,5.0,6
D475382,6/3/03,2003,5,D468331,1/7/03,2003,1.02,13.0,8
D477621,7/22/03,2003,5,6347893,2/19/02,2002,1.1,7.0,8
D477832,7/29/03,2003,6,D451115,11/27/01,2001,1.7,17.0,9
D477832,7/29/03,2003,7,6347893,2/19/02,2002,1.7,17.0,9
D480742,10/14/03,2003,5,D451115,11/27/01,2001,2.32,25.0,8
D480742,10/14/03,2003,5,D451115,11/27/01,2001,2.32,25.0,8
D482714,11/25/03,2003,5,D474797,5/20/03,2003,0.85,8.0,7
D483050,12/2/03,2003,10,D474797,5/20/03,2003,0.73,6.0,11
D483786,12/16/03,2003,5,D465800,11/19/02,2002,0.83,6.0,7
D483786,12/16/03,2003,5,D465800,11/19/02,2002,0.83,6.0,7
D484156,12/23/03,2003,5,6347893,2/19/02,2002,0.55,2.0,11
D484156,12/23/03,2003,6,D465800,11/19/02,2002,0.55,2.0,11
D484156,12/23/03,2003,7,D467953,12/31/02,2002,0.55,2.0,11
D484522,12/30/03,2003,2,6135652,10/24/00,2000,0.5,,5
D484522,12/30/03,2003,3,6347893,2/19/02,2002,0.5,,5
D485288,1/13/04,2004,5,D465800,11/19/02,2002,0.96,7.0,6
D486166,2/3/04,2004,4,D467953,12/31/02,2002,0.55,2.0,7
D486842,2/17/04,2004,6,D470519,2/18/03,2003,0.52,1.0,7
D486844,2/17/04,2004,4,D467953,12/31/02,2002,0.73,5.0,5
D487282,3/2/04,2004,5,D465800,11/19/02,2002,0.77,5.0,6
D487476,3/9/04,2004,2,6347893,2/19/02,2002,0.94,11.0,5
D487476,3/9/04,2004,4,D474797,5/20/03,2003,0.94,11.0,5
D488494,4/13/04,2004,5,D468334,1/7/03,2003,0.55,1.0,8
D489389,5/4/04,2004,7,6347893,2/19/02,2002,0.5,,10
D489389,5/4/04,2004,8,D456036,4/23/02,2002,0.5,,10
D489389,5/4/04,2004,9,D471577,3/11/03,2003,0.5,,10
D490455,5/25/04,2004,3,D470519,2/18/03,2003,0.97,6.0,6
D490455,5/25/04,2004,3,D470519,2/18/03,2003,0.97,6.0,6
D491591,6/15/04,2004,6,6347893,2/19/02,2002,0.76,5.0,10
D491969,6/22/04,2004,2,6036376,3/14/00,2000,0.5,,6
D491969,6/22/04,2004,4,6151455,11/21/00,2000,0.5,,6
D491970,6/22/04,2004,1,6305852,10/23/01,2001,0.98,11.0,9
D491970,6/22/04,2004,3,6347893,2/19/02,2002,0.98,11.0,9
D491970,6/22/04,2004,3,6347893,2/19/02,2002,0.98,11.0,9
D492953,7/13/04,2004,8,D467953,12/31/02,2002,0.62,8.0,12
D492953,7/13/04,2004,9,D486166,2/3/04,2004,0.62,8.0,12
D492953,7/13/04,2004,9,D486166,2/3/04,2004,0.62,8.0,12
D494205,8/10/04,2004,4,6347893,2/19/02,2002,1.06,14.0,11
D495353,8/31/04,2004,3,6347893,2/19/02,2002,0.6,3.0,6
D496678,9/28/04,2004,6,D474797,5/20/03,2003,2.75,43.0,9
D496679,9/28/04,2004,9,D467953,12/31/02,2002,0.5,,13
D496679,9/28/04,2004,10,D468331,1/7/03,2003,0.5,,13
D496956,10/5/04,2004,3,6036376,3/14/00,2000,0.6,3.0,11
D496956,10/5/04,2004,5,6151455,11/21/00,2000,0.6,3.0,11
D496956,10/5/04,2004,7,6347893,2/19/02,2002,0.6,3.0,11
D496956,10/5/04,2004,8,D456036,4/23/02,2002,0.6,3.0,11
D499130,11/30/04,2004,2,D456036,4/23/02,2002,0.65,2.0,7
D499130,11/30/04,2004,4,D463810,10/1/02,2002,0.65,2.0,7
D499131,11/30/04,2004,6,6302598,10/16/01,2001,0.5,3.0,16
D499131,11/30/04,2004,8,6347893,2/19/02,2002,0.5,3.0,16
D499131,11/30/04,2004,9,D456036,4/23/02,2002,0.5,3.0,16
D499131,11/30/04,2004,11,D465800,11/19/02,2002,0.5,3.0,16
D499131,11/30/04,2004,12,D467953,12/31/02,2002,0.5,3.0,16
D499752,12/14/04,2004,1,6347893,2/19/02,2002,0.5,,6
D500333,12/28/04,2004,2,6347893,2/19/02,2002,1.14,18.0,6
D500333,12/28/04,2004,4,D465800,11/19/02,2002,1.14,18.0,6
D500779,1/11/05,2005,4,6424803,7/23/02,2002,0.75,5.0,13
D500779,1/11/05,2005,5,D465800,11/19/02,2002,0.75,5.0,13
D501496,2/1/05,2005,6,6347893,2/19/02,2002,1.06,19.0,10
D501865,2/15/05,2005,3,6302598,10/16/01,2001,0.93,11.0,5
D502195,2/22/05,2005,1,6424803,7/23/02,2002,0.85,6.0,5
D502195,2/22/05,2005,2,D465800,11/19/02,2002,0.85,6.0,5
D502202,2/22/05,2005,6,D463810,10/1/02,2002,0.57,12.0,14
D502202,2/22/05,2005,7,D465800,11/19/02,2002,0.57,12.0,14
D502202,2/22/05,2005,8,D467953,12/31/02,2002,0.57,12.0,14
D502202,2/22/05,2005,9,D484156,12/23/03,2003,0.57,12.0,14
D502954,3/15/05,2005,3,6347893,2/19/02,2002,0.5,2.0,5
D503182,3/22/05,2005,3,6302598,10/16/01,2001,1.0,23.0,7
D503182,3/22/05,2005,4,6347893,2/19/02,2002,1.0,23.0,7
D504695,5/3/05,2005,6,D494611,8/17/04,2004,0.5,3.0,9
D507586,7/19/05,2005,9,D494611,8/17/04,2004,1.88,28.0,13
D507586,7/19/05,2005,9,D494611,8/17/04,2004,1.88,28.0,13
D508065,8/2/05,2005,0,6347893,2/19/02,2002,1.1,25.0,7
D508065,8/2/05,2005,1,D468334,1/7/03,2003,1.1,25.0,7
D508708,8/23/05,2005,3,6347893,2/19/02,2002,0.65,4.0,7
D508935,8/30/05,2005,2,6151455,11/21/00,2000,0.55,2.0,5
D508936,8/30/05,2005,5,D488496,4/13/04,2004,0.55,3.0,7
D509235,9/6/05,2005,2,6305852,10/23/01,2001,0.6,8.0,9
D509235,9/6/05,2005,4,6347893,2/19/02,2002,0.6,8.0,9
D509235,9/6/05,2005,4,6347893,2/19/02,2002,0.6,8.0,9
D509235,9/6/05,2005,5,D468334,1/7/03,2003,0.6,8.0,9
D510746,10/18/05,2005,3,6305852,10/23/01,2001,0.61,5.0,7
D510746,10/18/05,2005,4,6347893,2/19/02,2002,0.61,5.0,7
D510746,10/18/05,2005,5,D468334,1/7/03,2003,0.61,5.0,7
D515606,2/21/06,2006,21,D494202,8/10/04,2004,0.96,14.0,27
D516596,3/7/06,2006,0,D463810,10/1/02,2002,0.98,9.0,5
D516596,3/7/06,2006,2,D487282,3/2/04,2004,0.98,9.0,5
D516599,3/7/06,2006,11,D451115,11/27/01,2001,4.89,81.0,31
D516601,3/7/06,2006,9,D503182,3/22/05,2005,1.24,15.0,11
D519141,4/18/06,2006,6,6683653,1/27/04,2004,2.01,26.0,10
D524836,7/11/06,2006,3,6305852,10/23/01,2001,1.14,22.0,10
D524836,7/11/06,2006,4,6347893,2/19/02,2002,1.14,22.0,10
D524836,7/11/06,2006,4,6347893,2/19/02,2002,1.14,22.0,10
D524836,7/11/06,2006,5,D470519,2/18/03,2003,1.14,22.0,10
D524836,7/11/06,2006,6,D487282,3/2/04,2004,1.14,22.0,10
D526341,8/8/06,2006,5,D494202,8/10/04,2004,0.62,3.0,10
D527403,8/29/06,2006,4,6683653,1/27/04,2004,2.43,54.0,5
D527406,8/29/06,2006,2,6305852,10/23/01,2001,0.99,24.0,11
D527406,8/29/06,2006,4,6424803,7/23/02,2002,0.99,24.0,11
D527406,8/29/06,2006,7,D503182,3/22/05,2005,0.99,24.0,11
D527406,8/29/06,2006,7,D503182,3/22/05,2005,0.99,24.0,11
D528579,9/19/06,2006,2,D451115,11/27/01,2001,2.62,57.0,9
D529257,10/3/06,2006,1,6347893,2/19/02,2002,0.72,4.0,7
D530355,10/17/06,2006,3,D468334,1/7/03,2003,0.5,,6
D531198,10/31/06,2006,4,D487282,3/2/04,2004,0.71,1.0,7
D532027,11/14/06,2006,5,7057660,6/6/06,2006,0.89,6.0,8
D532031,11/14/06,2006,3,D451115,11/27/01,2001,1.06,22.0,9
D532031,11/14/06,2006,8,D494202,8/10/04,2004,1.06,22.0,9
D532434,11/21/06,2006,1,6135652,10/24/00,2000,0.94,11.0,5
D532435,11/21/06,2006,2,D496956,10/5/04,2004,0.53,1.0,6
D533574,12/12/06,2006,6,D516599,3/7/06,2006,2.98,72.0,8
D533873,12/19/06,2006,19,D470519,2/18/03,2003,1.23,23.0,22
D533873,12/19/06,2006,19,D470519,2/18/03,2003,1.23,23.0,22
D534564,1/2/07,2007,5,D516599,3/7/06,2006,2.73,54.0,7
D536013,1/30/07,2007,5,D516599,3/7/06,2006,0.7,5.0,9
D536014,1/30/07,2007,9,D502202,2/22/05,2005,0.52,4.0,14
D537093,2/20/07,2007,13,D516599,3/7/06,2006,1.76,35.0,18
D537093,2/20/07,2007,15,D525638,7/25/06,2006,1.76,35.0,18
D537093,2/20/07,2007,16,D525639,7/25/06,2006,1.76,35.0,18
D537460,2/27/07,2007,15,D525638,7/25/06,2006,1.12,16.0,17
D537460,2/27/07,2007,16,D525639,7/25/06,2006,1.12,16.0,17
D537857,3/6/07,2007,23,D494202,8/10/04,2004,1.05,16.0,29
D538322,3/13/07,2007,3,D516599,3/7/06,2006,1.3,22.0,6
D538324,3/13/07,2007,12,D525638,7/25/06,2006,1.07,18.0,15
D539319,3/27/07,2007,11,D525638,7/25/06,2006,0.7,10.0,17
D540364,4/10/07,2007,5,D492953,7/13/04,2004,0.76,11.0,14
D540364,4/10/07,2007,5,D492953,7/13/04,2004,0.76,11.0,14
D540366,4/10/07,2007,3,D463810,10/1/02,2002,0.5,,6
D540367,4/10/07,2007,18,7046264,5/16/06,2006,1.39,24.0,20
D540841,4/17/07,2007,5,D492953,7/13/04,2004,0.91,11.0,14
D540841,4/17/07,2007,5,D492953,7/13/04,2004,0.91,11.0,14
D541327,4/24/07,2007,5,D516599,3/7/06,2006,0.52,1.0,11
D541834,5/1/07,2007,2,6135652,10/24/00,2000,1.08,14.0,7
D541836,5/1/07,2007,6,D503182,3/22/05,2005,0.71,7.0,9
D542318,5/8/07,2007,5,D516599,3/7/06,2006,0.72,5.0,8
D542820,5/15/07,2007,6,6683653,1/27/04,2004,2.2,43.0,10
D542821,5/15/07,2007,1,D487282,3/2/04,2004,0.5,,7
D542826,5/15/07,2007,7,D503182,3/22/05,2005,0.73,8.0,10
D543226,5/22/07,2007,7,D503182,3/22/05,2005,0.55,1.0,9
D544011,6/5/07,2007,3,6347893,2/19/02,2002,0.61,4.0,14
D545336,6/26/07,2007,7,D474797,5/20/03,2003,0.57,4.0,18
D545337,6/26/07,2007,4,D516599,3/7/06,2006,0.53,2.0,8
D545337,6/26/07,2007,4,D516599,3/7/06,2006,0.53,2.0,8
D545859,7/3/07,2007,4,D516599,3/7/06,2006,0.58,2.0,8
D546854,7/17/07,2007,5,D516599,3/7/06,2006,1.0,17.0,9
D546860,7/17/07,2007,3,6151455,11/21/00,2000,0.53,1.0,9
D546861,7/17/07,2007,7,D503182,3/22/05,2005,0.67,4.0,10
D547343,7/24/07,2007,4,D516599,3/7/06,2006,1.31,21.0,9
D547348,7/24/07,2007,3,6175690,1/16/01,2001,0.5,1.0,18
D547784,7/31/07,2007,3,D516599,3/7/06,2006,0.69,7.0,6
D547784,7/31/07,2007,4,7057660,6/6/06,2006,0.69,7.0,6
D547786,7/31/07,2007,3,D484156,12/23/03,2003,0.5,6.0,10
D548252,8/7/07,2007,3,D516599,3/7/06,2006,1.76,28.0,8
D548252,8/7/07,2007,3,D516599,3/7/06,2006,1.76,28.0,8
D548254,8/7/07,2007,3,D516599,3/7/06,2006,1.0,11.0,7
D548254,8/7/07,2007,4,7057660,6/6/06,2006,1.0,11.0,7
D548257,8/7/07,2007,2,D516599,3/7/06,2006,1.09,16.0,7
D548762,8/14/07,2007,6,6683653,1/27/04,2004,0.73,3.0,11
D550736,9/11/07,2007,4,D525639,7/25/06,2006,0.63,12.0,10
D550737,9/11/07,2007,2,D516599,3/7/06,2006,0.68,4.0,9
D551274,9/18/07,2007,4,D516599,3/7/06,2006,0.89,7.0,8
D551274,9/18/07,2007,4,D516599,3/7/06,2006,0.89,7.0,8
D552146,10/2/07,2007,3,D516599,3/7/06,2006,0.65,4.0,7
D552646,10/9/07,2007,9,D525638,7/25/06,2006,1.14,28.0,11
D553658,10/23/07,2007,2,D516599,3/7/06,2006,1.06,17.0,7
D554681,11/6/07,2007,2,D503182,3/22/05,2005,0.71,8.0,6
D554684,11/6/07,2007,2,6302598,10/16/01,2001,0.54,2.0,7
D554684,11/6/07,2007,3,6347893,2/19/02,2002,0.54,2.0,7
D555182,11/13/07,2007,4,D525638,7/25/06,2006,0.52,2.0,8
D555182,11/13/07,2007,4,D525638,7/25/06,2006,0.52,2.0,8
D555689,11/20/07,2007,2,D516599,3/7/06,2006,2.15,37.0,7
D555695,11/20/07,2007,5,D487282,3/2/04,2004,0.5,,10
D556229,11/27/07,2007,6,D525638,7/25/06,2006,2.03,36.0,9
D556802,12/4/07,2007,5,D525639,7/25/06,2006,0.72,10.0,8
D557305,12/11/07,2007,2,D516599,3/7/06,2006,0.63,5.0,10
D557305,12/11/07,2007,2,D516599,3/7/06,2006,0.63,5.0,10
D557307,12/11/07,2007,2,D516599,3/7/06,2006,1.0,13.0,6
D557311,12/11/07,2007,2,D463810,10/1/02,2002,1.25,28.0,9
D557722,12/18/07,2007,7,D516599,3/7/06,2006,0.74,6.0,16
D557722,12/18/07,2007,7,D516599,3/7/06,2006,0.74,6.0,16
D558246,12/25/07,2007,2,D516599,3/7/06,2006,0.78,8.0,7
D558806,1/1/08,2008,7,D516599,3/7/06,2006,0.69,8.0,12
D558806,1/1/08,2008,8,D525638,7/25/06,2006,0.69,8.0,12
D558807,1/1/08,2008,4,D516599,3/7/06,2006,0.9,9.0,11
D558807,1/1/08,2008,5,D525638,7/25/06,2006,0.9,9.0,11
D558808,1/1/08,2008,7,D494202,8/10/04,2004,0.75,5.0,14
D558808,1/1/08,2008,11,D537857,3/6/07,2007,0.75,5.0,14
D558809,1/1/08,2008,5,D494611,8/17/04,2004,0.5,2.0,9
D559292,1/8/08,2008,2,D516599,3/7/06,2006,0.64,12.0,9
D559293,1/8/08,2008,6,D525638,7/25/06,2006,0.56,4.0,9
D559294,1/8/08,2008,2,6305852,10/23/01,2001,0.78,11.0,14
D559294,1/8/08,2008,4,6347893,2/19/02,2002,0.78,11.0,14
D559296,1/8/08,2008,1,D516599,3/7/06,2006,0.57,2.0,7
D560240,1/22/08,2008,0,D516599,3/7/06,2006,0.5,,7
D560701,1/29/08,2008,1,D516599,3/7/06,2006,0.55,2.0,7
D560703,1/29/08,2008,6,D496956,10/5/04,2004,0.5,,12
D561218,2/5/08,2008,12,D525638,7/25/06,2006,0.71,13.0,16
